,filler type,filler type.1,matrix type,filler size/nm,BET,cage size/A,aperture size/A,loading amout,thickness/μm,T/℃,P/bar,Control CH4 permeability,Control CO2/CH4 selectivity,Relative CO2 permeability,Relative CO2/CH4 selectivity
458,Cu3BTC2,Cu3BTC2,Matrimid 5218,10000.0,1600.0,12.0,3.4,0.2,55.0,35,5.0,0.355,23.3802816901408,1.7710843373494,2.37258467833598
314,ZIF-8,ZIF-8,Matrimid 5218,60.0,1450.0,11.6,3.4,0.1,55.0,22,4.0,0.23,35.0869565217391,1.69392812887237,0.865785488090321
468,MIL-125,MIL-125,Matrimid 9725,150.0,930.0,10.7,5.5,0.2,,35,9.0,0.133333333333333,30.0,3.65,1.36666666666667
464,MIL-125,MIL-125,Matrimid 9725,1750.0,1040.0,10.7,5.5,0.3,,35,9.0,0.133333333333333,30.0,3.375,1.24
448,MIL-53,MIL-53,FDH,100.0,795.0,7.8,7.8,0.1,,35,11.2,3.0,18.0333333333333,0.870609981515712,4.35304990757856
416,MIL-125,MIL-125,PSF,650.0,1300.0,10.7,6.0,0.3,10.0,30,3.0,0.431818181818182,22.0,4.21052631578947,1.32727272727273
46,MOF-5,MOF-5,PI,3000.0,2387.0,7.8,7.8,0.05,40.0,25,1.0,0.22,9.31818181818182,1.84390243902439,1.02180991583216
181,ZIF-8,ZIF-8,6FDA-Durene/DABA (9/1),80.0,1350.0,11.6,3.4,0.1,50.0,3,10.0,13.1,19.5419847328244,1.17578125,0.981065883757962
68,MOF-5,MOF-5,PI,3000.0,2387.0,7.8,7.8,0.05,40.0,25,3.0,0.225,9.77777777777778,2.31818181818182,0.853667608986758
538,UiO-67,UiO-67,6FDA-ODA,1000.0,1998.0,21.0,11.7,0.25,30.0,35,11.2,0.33,43.6363636363636,1.44444444444444,0.340476190476191
471,MIL-101,MIL-101,SPEEK,500.0,3175.0,19.9,7.5,0.2,65.0,25,1.0,75.3968253968254,7.56,1.80701754385965,1.36111111111111
82,MOF-5,MOF-5,PI,3000.0,2387.0,7.8,7.8,0.05,40.0,25,2.0,0.223,9.41704035874439,2.28571428571429,0.935255570117955
134,Co4(μ4-O)(Me2pzba)3,Co4(μ4-O)(Me2pzba)3,Matrimid 5218,3000.0,1850.0,14.0,6.0,0.24,90.0,30,3.0,0.21,41.4285714285714,1.49425287356322,1.42633228840125
32,Cu–BPY–HFS,Cu–BPY–HFS,Matrimid 5218,250.0,2000.0,8.0,8.0,0.2,,35,3.9,0.21,34.7142857142857,1.35528120713306,0.790580704160951
71,MOF-5,MOF-5,PI,3000.0,2387.0,7.8,7.8,0.05,40.0,25,1.0,0.22,9.31818181818182,1.78048780487805,1.12559573871601
81,MOF-5,MOF-5,PI,3000.0,2387.0,7.8,7.8,0.05,40.0,25,1.0,0.22,9.31818181818182,2.2,0.989775051124745
195,ZIF-8,ZIF-8,PPEES,4900.0,1550.0,11.8,3.4,0.1,,30,1.0,0.3,25.0,1.4,0.933333333333333
432,MIL-53,MIL-53,PSF,1000.0,1475.0,,6.0,0.15,75.0,35,3.0,0.211570247933884,24.2,1.015625,1.00413223140496
360,ZIF-11,ZIF-11,Matrimid 5218,1000.0,1100.0,16.5,3.0,0.2,70.0,35,4.0,0.26,16.1538461538462,2.79761904761905,1.69158361018826
270,ZIF-67,ZIF-67,PEBAX 1657,300.0,1465.0,11.6,3.3,0.03,95.0,35,11.0,4.1,17.0975609756098,2.20114122681883,1.58327702279951
291,ZIF-8,ZIF-8,Pebax2533,400.0,1350.0,11.6,3.4,0.25,50.0,25,2.0,42.0,8.35714285714286,3.08262108262108,0.959037670148781
211,ZIF-8,ZIF-8,PEGDA,200.0,1500.0,11.8,3.4,0.1,125.0,35,,6.5,20.0,2.46153846153846,1.0
7,Cu3BTC2,Cu3BTC2,Matrimid 5218,10000.0,1071.0,8.6,8.6,0.1,42.5,35,10.0,0.556179775280899,17.8,1.55555555555556,1.2247191011236
440,MIL-101,MIL-101,PI,1000.0,519.0,19.9,12.0,0.08,75.0,35,3.0,0.236842105263158,38.0,1.13333333333333,0.918947368421053
83,MOF-5,MOF-5,PI,3000.0,2387.0,7.8,7.8,0.05,40.0,25,3.0,0.225,9.77777777777778,2.35454545454545,0.878561736770692
243,ZIF-8,ZIF-8,6FDA-HAB DAM-7,50.0,1350.0,11.6,3.4,0.1,60.0,35,1.0,12.7,23.9370078740157,1.39144736842105,1.0040557715311
65,MOF-5,MOF-5,PI,3000.0,2387.0,7.8,7.8,0.05,40.0,25,5.0,0.249,9.23694779116466,2.51304347826087,0.827708764665286
522,UiO-66,UiO-66,Matrimid 5218,350.0,980.0,11.0,6.0,0.1,100.0,25,3.0,0.6,30.0,2.16666666666667,2.1
500,UiO-66,UiO-66,6FDA-DAM,,965.0,11.0,6.0,0.16,125.0,25,2.0,35.0877192982456,28.5,1.23,1.07017543859649
202,ZIF-8,ZIF-8,P84,30.0,1821.0,11.8,3.4,0.17,20.0,25,3.0,0.049,54.2857142857143,2.3796992481203,1.71478328173375
252,ZIF-8,ZIF-8,PVC-g-POEM,250.0,1350.0,11.6,3.4,0.2,,35,1.0,2.4,18.125,5.16551724137931,0.655938697318008
166,MOF-74,MOF-74,PIM-1-TD,11000.0,1250.0,11.0,11.0,0.1,50.0,25,2.0,536.0,12.2686567164179,1.4294403892944,1.08370586797992
521,UiO-66,UiO-66,Matrimid 5218,350.0,980.0,11.0,6.0,0.05,100.0,25,3.0,0.6,30.0,2.19444444444444,1.5
264,ZIF-7,ZIF-7,PEBAX 1657,35.0,1100.0,7.5,3.0,0.34,1.052,20,3.5,5.14285714285714,14.0,0.569444444444444,3.14285714285714
98,MOF-5,MOF-5,PI,3000.0,2387.0,7.8,7.8,0.05,40.0,25,3.0,0.225,9.77777777777778,3.08181818181818,0.901702328880482
431,MIL-53,MIL-53,Matrimid 5218,650.0,1350.0,,6.0,0.25,90.0,35,3.0,0.260869565217391,34.5,0.955555555555555,1.00289855072464
462,MIL-125,MIL-125,Matrimid 9725,1750.0,1040.0,10.7,5.5,0.15,,35,9.0,0.133333333333333,30.0,2.5,1.44
256,ZIF-8,ZIF-8,PEBAX 1657,275.0,1029.0,11.6,3.4,0.2,80.0,25,1.0,4.0,19.0,2.13157894736842,0.81203007518797
467,MIL-125,MIL-125,Matrimid 9725,150.0,930.0,10.7,5.5,0.15,,35,9.0,0.133333333333333,30.0,2.0,1.61666666666667
392,MIL-53,MIL-53,6FDA/ODA-DAM,125.0,840.0,7.8,7.8,0.15,61.5,35,11.2,6.4,20.3125,0.869230769230769,1.39076923076923
12,Cu3BTC2,Cu3BTC2,Ultem 1000,1000.0,1439.0,,8.6,0.3,42.5,35,3.5,0.0310035354908893,36.77,3.62280701754386,0.924394887136252
5,MMIF,MMIF,Matrimid 5218,45.0,420.0,3.35,3.35,0.2,60.0,35,4.0,0.19,35.8947368421053,1.2683284457478,0.948749624771977
55,MOF-5,MOF-5,PI,3000.0,2387.0,7.8,7.8,0.05,40.0,25,5.0,0.249,9.23694779116466,2.65652173913044,0.845874569109307
266,ZIF-8,ZIF-8,PEBAX 1657,700.0,1506.0,11.6,3.4,0.03,95.0,35,11.0,4.1,17.0975609756098,1.79315263908702,1.16697235242171
526,UiO-66,UiO-66,6FDD,324.0,537.0,11.0,6.0,0.2,50.0,35,3.0,5.3,31.1320754716981,1.53030303030303,1.01382575757576
79,MOF-5,MOF-5,PI,3000.0,2387.0,7.8,7.8,0.05,40.0,25,4.0,0.227,9.91189427312775,2.31111111111111,0.957339821573398
162,[Ni3(HCOO)6],[Ni3(HCOO)6],BTDA-TDI/MDI (P84),400.0,293.0,4.6,4.6,0.07,,30,5.0,0.0163636363636364,44.0,1.45833333333333,1.43181818181818
131,NUS-8,NUS-8,PIM-1-TT,5000.0,664.0,6.0,6.0,0.05,65.0,25,1.0,272.108843537415,14.7,2.125,1.21768707482993
207,ZIF-71,ZIF-71,PIM-1-TT,,996.4,16.5,4.2,0.3,60.0,35,3.5,322.2,10.2256362507759,2.54259871915501,1.09302909581287
498,UiO-66,UiO-66,6FDA-DAM,,965.0,11.0,6.0,0.06,125.0,25,2.0,35.0877192982456,28.5,1.15,1.05263157894737
107,MOF-5,MOF-5,PI,3000.0,2387.0,7.8,7.8,0.05,40.0,25,2.0,0.223,9.41704035874439,3.19047619047619,1.01639455782313
519,UiO-66,UiO-66,PIM-1-TT,30.0,950.0,11.0,6.0,0.4,1.0,25,4.0,206.896551724138,14.5,0.666666666666667,1.6551724137931
273,ZIF-8,ZIF-8,6FDA-Durene,150.0,1350.0,11.6,3.4,0.03,50.0,25,2.0,65.0,22.5892307692308,1.08520057209017,0.970261859502905
492,UiO-66,UiO-66,6FDA-ODA,50.0,951.0,11.0,6.0,0.17,100.0,25,2.0,0.717948717948718,39.0,1.5,1.47435897435897
284,ZIF-8,ZIF-8,6FDA-Durene,150.0,1350.0,11.6,3.4,0.15,50.0,25,6.0,68.1,20.0558002936858,1.38607409576805,0.984271594596497
33,Cu–BPY–HFS,Cu–BPY–HFS,Matrimid 5218,250.0,2000.0,8.0,8.0,0.2,,35,3.9,0.21,34.7142857142857,1.37448559670782,0.780113446780113
394,MIL-53,MIL-53,Matrimid 5218,280.0,1440.0,8.5,8.5,0.05,,35,3.0,0.22,28.1818181818182,1.09677419354839,1.04908835904628
507,UiO-66,UiO-66,Matrimid 9725,150.0,1147.0,11.0,6.0,0.3,85.0,35,9.0,0.189102564102564,31.2,3.01694915254237,1.375
345,ZIF-8,ZIF-8,6FDA-durene-PDMC.,,1350.0,11.6,3.4,0.33,70.0,35,3.5,30.0,15.6166666666667,0.0505869797225187,1.08400670833969
9,Cu3BTC2,Cu3BTC2,Matrimid 5218,10000.0,1071.0,8.6,8.6,0.3,42.5,35,10.0,0.556179775280899,17.8,1.76767676767677,1.29213483146067
321,ZIF-8,ZIF-8,Matrimid 5218,,1860.0,11.6,3.4,0.15,40.0,35,3.45,0.258840579710145,34.5,2.79955207166853,1.01739130434783
323,ZIF-8,ZIF-8,Matrimid 5218,,350.0,11.6,3.4,0.15,40.0,35,3.45,0.258840579710145,34.5,1.3437849944009,1.11014492753623
73,MOF-5,MOF-5,PI,3000.0,2387.0,7.8,7.8,0.05,40.0,25,3.0,0.225,9.77777777777778,2.22727272727273,1.05502392344498
41,MOF-5,MOF-5,PI,3000.0,2387.0,7.8,7.8,0.05,40.0,25,1.0,0.22,9.31818181818182,1.68780487804878,1.14958846182889
528,UiO-66,UiO-66,6FDD,324.0,537.0,11.0,6.0,0.4,50.0,35,3.0,5.3,31.1320754716981,2.42727272727273,0.952929292929293
318,ZIF-8,ZIF-8,Matrimid 5218,60.0,1450.0,11.6,3.4,0.2,55.0,22,4.0,0.23,35.0869565217391,1.60099132589839,1.02285556932397
265,ZIF-8,ZIF-8,PEBAX 1657,700.0,1506.0,11.6,3.4,0.02,95.0,35,11.0,4.1,17.0975609756098,1.68188302425107,1.2537673453508
517,UiO-66,UiO-66,PIM-1-TT,30.0,950.0,11.0,6.0,0.2,1.0,25,4.0,206.896551724138,14.5,0.766666666666667,1.58620689655172
397,MIL-53,MIL-53,Matrimid 5218,280.0,1440.0,8.5,8.5,0.2,,35,3.0,0.22,28.1818181818182,2.50322580645161,0.573655913978495
15,Cu3BTC2,Cu3BTC2,ODPA–TMPDA,400.0,1232.0,8.6,8.6,0.1,55.0,35,2.0,1.62854216456128,29.29,2.55765199161426,0.914988050529191
322,ZIF-8,ZIF-8,Matrimid 5218,,1150.0,11.6,3.4,0.15,40.0,35,3.45,0.258840579710145,34.5,1.56774916013438,1.05797101449275
179,ZIF-7,ZIF-7,PEI,55.0,290.0,7.5,3.0,0.05,400.0,3,2.03,18.9,3.78440366972477,2.98060606060606,0.355844535165455
406,MIL-53,MIL-53,PVDF,100.0,782.0,7.8,7.8,0.05,,25,0.5,0.043,21.2790697674419,1.20983606557377,1.08381147540984
456,ZIF-8,ZIF-8,Matrimid 5218,300.0,1550.0,1.16,3.4,0.3,55.0,35,5.0,0.355,23.3802816901408,2.66265060240964,1.96925200803213
186,ZIF-8,ZIF-8,PIM-1,40.0,1350.0,11.6,3.4,0.11,,35,1.0,310.0,24.3888888888889,1.09681093394077,0.789703872437358
182,ZIF-8,ZIF-8,6FDA-Durene/DABA (9/1),80.0,1350.0,11.6,3.4,0.15,50.0,3,10.0,13.1,19.5419847328244,1.37109375,1.01476430084746
240,ZIF-8,ZIF-8,6FDA-HAB DAM,50.0,1350.0,11.6,3.4,0.1,60.0,35,1.0,2.3,50.8695652173913,1.64102564102564,0.857808857808858
36,MOF-5,MOF-5,PI,3000.0,2387.0,7.8,7.8,0.05,40.0,25,1.0,0.22,9.31818181818182,1.32682926829268,1.06923970338605
481,MIL-53,MIL-53,PSF Udel P-3500,600.0,1140.0,8.0,8.0,0.4,87.5,35,4.0,4.89795918367347,24.0,2.24489795918367,0.708333333333333
369,MIL-53,MIL-53,6FDA-ODA,125.0,745.0,7.8,7.8,0.15,,35,11.2,2.97916666666667,4.8,1.0,2.25
300,ZIF-8,ZIF-8,Pebax2533,400.0,1350.0,11.6,3.4,0.35,50.0,25,6.0,34.0,,4.32441471571906,
90,MOF-5,MOF-5,PI,3000.0,2387.0,7.8,7.8,0.05,40.0,25,5.0,0.249,9.23694779116466,2.95652173913043,0.907736021015386
329,ZIF-7,ZIF-7,PIM-1-TT,30.0,351.0,7.5,3.0,0.05,85.0,30,2.0,368.852459016393,12.2,0.955555555555556,1.02459016393443
479,MIL-53,MIL-53,PSF Udel P-3500,600.0,1140.0,8.0,8.0,0.16,87.5,35,4.0,4.89795918367347,24.0,1.20408163265306,1.375
133,Co4(μ4-O)(Me2pzba)3,Co4(μ4-O)(Me2pzba)3,Matrimid 5218,3000.0,1850.0,14.0,6.0,0.16,75.0,30,3.0,0.21,41.4285714285714,1.2183908045977,1.42145593869732
161,Fe-BTC,Fe-BTC,Matrimid 5218,50000.0,1500.0,8.5,5.5,0.3,61.5,35,5.0,0.354,25.1977401129944,1.50224215246637,1.28143065535685
497,UiO-66,UiO-66,6FDA-DAM,50.0,951.0,11.0,6.0,0.21,125.0,25,2.0,35.0877192982456,28.5,2.38,0.421052631578947
433,MIL-53,MIL-53,PSF,1000.0,1475.0,,6.0,0.2,75.0,35,3.0,0.211570247933884,24.2,1.005859375,1.09504132231405
204,ZIF-8,ZIF-8,P84,30.0,1821.0,11.8,3.4,0.31,20.0,25,3.0,0.049,54.2857142857143,7.53759398496241,0.835615622767326
514,UiO-66,UiO-66,PIM-1-TT,150.0,1150.0,11.0,6.0,0.2,1.0,25,4.0,206.896551724138,14.5,2.66666666666667,0.655172413793103
439,MIL-53,MIL-53,PI,1000.0,1475.0,6.0,6.0,0.25,75.0,35,3.0,0.236842105263158,38.0,0.914444444444445,0.943421052631579
69,MOF-5,MOF-5,PI,3000.0,2387.0,7.8,7.8,0.05,40.0,25,4.0,0.227,9.91189427312775,2.42222222222222,0.782140034771614
125,KAUST-7,KAUST-7,6FDA-Durene,80.0,248.0,4.7,4.7,0.33,50.0,35,2.0,31.4583333333333,24.0,1.34569536423841,1.33333333333333
238,ZIF-8,ZIF-8,6FDA-Durene,50.0,1500.0,11.6,3.4,0.15,,30,3.5,66.57,7.03034399879826,3.13253990299353,1.61029483661992
139,Fe-BTC,Fe-BTC,PEBAX 1657,200.0,1500.0,8.5,5.8,0.25,,25,3.0,3.84,18.4036458333333,2.1004669591057,1.19140223382066
190,ZIF-8,ZIF-8,PIM-1,40.0,1350.0,11.6,3.4,0.28,,35,1.0,310.0,24.3888888888889,3.88382687927107,0.641365906668617
490,UiO-66,UiO-66,6FDA-ODA,50.0,951.0,11.0,6.0,0.04,100.0,25,2.0,0.717948717948718,39.0,1.0,1.0
361,ZIF-11,ZIF-11,Matrimid 5218,1000.0,1100.0,16.5,3.0,0.3,70.0,35,4.0,0.26,16.1538461538462,7.46666666666667,2.65936073059361
213,ZIF-8,ZIF-8,PEGDA,200.0,1500.0,11.8,3.4,0.3,125.0,35,,6.5,20.0,5.53846153846154,0.85
376,MIL-53,MIL-53,Matrimid 5218,125.0,840.0,7.8,7.8,0.15,61.5,35,11.2,0.2,31.0,1.48387096774194,0.0674486803519061
382,MIL-53,MIL-53,6FDA/ODA-DAM,125.0,840.0,7.8,7.8,0.22,61.5,35,11.2,2.3,23.5217391304348,0.924214417744917,0.442852741836106
187,ZIF-8,ZIF-8,PIM-1,40.0,1350.0,11.6,3.4,0.28,,35,1.0,310.0,24.3888888888889,0.972665148063781,0.897844752058875
396,MIL-53,MIL-53,Matrimid 5218,280.0,1440.0,8.5,8.5,0.15,,35,3.0,0.22,28.1818181818182,2.00483870967742,1.8377688172043
276,ZIF-8,ZIF-8,6FDA-Durene,150.0,1350.0,11.6,3.4,0.1,50.0,25,2.0,65.0,22.5892307692308,1.28155009194306,0.843125060488858
224,ZIF-8,ZIF-8,PEBAX-1074,90.0,1500.0,11.8,3.4,0.3,60.0,25,3.0,5.8,11.2068965517241,3.0,1.67307692307692
111,MOF-5,MOF-5,PEI,55.0,2387.0,8.67,8.67,0.05,35.0,25,3.0,0.09,18.6666666666667,1.36904761904762,1.02678571428571
509,UiO-66,UiO-66,Matrimid 9725,,940.0,11.0,6.0,0.3,85.0,35,9.0,0.189102564102564,31.2,3.01694915254237,1.19551282051282
208,ZIF-71,ZIF-71,PIM-1-TT,,996.4,16.5,4.2,0.1,60.0,35,3.5,36.2,34.0662983425414,1.5482484592929,1.03982549585163
231,ZIF-8,ZIF-8,PEBAX 1657,66.0,1637.0,11.6,3.4,8.0,13.0,30,2.0,39.0,3.8974358974359,1.74342105263158,3.39967105263158
344,ZIF-8,ZIF-8,6FDA-durene-PDMC.,,1350.0,11.6,3.4,0.33,70.0,35,3.5,30.0,15.6166666666667,3.31462113127001,0.708757191290808
326,ZIF-8,ZIF-8,Matrimid 5218,,1650.0,11.6,3.4,0.1,55.0,33,4.5,0.333333333333333,33.0,2.0,0.939393939393939
189,ZIF-8,ZIF-8,PIM-1,40.0,1350.0,11.6,3.4,0.43,,35,1.0,310.0,24.3888888888889,1.43507972665148,0.738041002277904
290,ZIF-8,ZIF-8,Pebax2533,400.0,1350.0,11.6,3.4,0.2,50.0,25,2.0,42.0,8.35714285714286,2.43304843304843,0.804630190456962
401,MIL-53,MIL-53,PMP,110.0,1440.0,7.8,7.8,0.2,65.0,30,2.0,11.32,8.7226148409894,1.66882722300993,2.11783903189152
174,Cu3BDC2,Cu3BDC2,PIM-1-TT,27.5,180.0,5.2,5.2,0.002,0.2,25,1.0,489.0,3.0,0.318983050847458,3.46666666666667
302,ZIF-8,ZIF-8,Matrimid 5218,50.0,1350.0,11.6,3.4,0.3,40.0,35,2.6,0.24,41.6666666666667,1.5,0.923076923076923
105,MOF-5,MOF-5,PI,3000.0,2387.0,7.8,7.8,0.05,40.0,25,5.0,0.249,9.23694779116466,3.41304347826087,0.939058371366803
277,ZIF-8,ZIF-8,6FDA-Durene,150.0,1350.0,11.6,3.4,0.15,50.0,25,2.0,65.0,22.5892307692308,1.32152829803174,0.797579752758245
169,MOF-74,MOF-74,PIM-1-TD,11000.0,1250.0,11.0,11.0,0.2,50.0,25,2.0,536.0,12.2686567164179,1.14142335766423,0.762846533301782
221,ZIF-8,ZIF-8,PEBAX-1074,90.0,1500.0,11.8,3.4,0.05,60.0,25,3.0,5.8,11.2068965517241,1.26153846153846,1.24015645371578
52,MOF-5,MOF-5,PI,3000.0,2387.0,7.8,7.8,0.05,40.0,25,2.0,0.223,9.41704035874439,2.14285714285714,0.901617250673855
218,ZIF-8,ZIF-8,PEBAX-1074,90.0,1500.0,11.8,3.4,0.1,60.0,25,3.0,5.8,11.2068965517241,1.32307692307692,1.03700623700624
320,ZIF-8,ZIF-8,Matrimid 5218,60.0,1450.0,11.6,3.4,0.3,55.0,22,4.0,0.23,35.0869565217391,3.55885997521685,0.705636029568859
356,ZIF-7,ZIF-7,XLPEO,40.0,417.0,7.5,3.0,0.36,100.0,35,5.0,4.56521739130435,23.0,5.04761904761905,0.521739130434783
269,ZIF-67,ZIF-67,PEBAX 1657,300.0,1465.0,11.6,3.3,0.02,95.0,35,11.0,4.1,17.0975609756098,1.57631954350927,1.154091094355
524,UiO-66,UiO-66,Matrimid 5218,350.0,980.0,11.0,6.0,0.3,100.0,25,3.0,0.6,30.0,2.94444444444444,1.32666666666667
3,Cu3BTC2,Cu3BTC2,Azide-PMP,100.0,1232.0,8.6,8.6,0.2,60.0,30,2.0,10.5,9.25714285714286,1.47942386831276,2.63287298598033
325,ZIF-8,ZIF-8,Matrimid 5218,,1650.0,11.6,3.4,0.1,55.0,33,4.5,0.333333333333333,33.0,1.27272727272727,1.07575757575758
35,Cu–BPY–HFS,Cu–BPY–HFS,Matrimid 5218,250.0,2000.0,8.0,8.0,0.4,,35,3.9,0.21,34.7142857142857,2.06584362139918,0.735300272023436
217,ZIF-8,ZIF-8,PEBAX-1074,90.0,1500.0,11.8,3.4,0.05,60.0,25,3.0,5.8,11.2068965517241,1.2,1.05454545454545
28,Cu3BTC2,Cu3BTC2,PPO,6000.0,2262.2,8.6,8.6,0.1,30.0,30,10.0,4.39490445859873,15.7,1.2463768115942,1.79617834394904
485,UiO-66,UiO-66,6FDA-BisP,50.0,951.0,11.0,6.0,0.21,45.0,25,2.0,1.0,28.0,5.53571428571429,0.857142857142857
146,sod-ZMOF,sod-ZMOF,Matrimid 5218,2000.0,33.0,1.6,9.6,0.1,47.5,30,4.0,0.15,37.2666666666667,1.34883720930233,0.963455149501661
6,MMIF,MMIF,Matrimid 5218,45.0,420.0,3.35,3.35,0.1,40.0,35,4.0,0.19,35.8947368421053,1.06304985337243,1.08010412909499
342,ZIF-8,ZIF-8,TBDA2-6FDA,45.0,1250.0,11.6,3.4,0.3,,35,1.0,8.0,35.625,3.70526315789474,0.570040485829959
20,Cu3BTC2,Cu3BTC2,ODPA–TMPDA,400.0,1232.0,8.6,8.6,0.2,55.0,35,2.0,1.62854216456128,29.29,3.29140461215933,0.938886992147491
254,ZIF-8,ZIF-8,PEBAX 1657,275.0,1029.0,11.6,3.4,0.1,80.0,25,1.0,4.0,19.0,1.27631578947368,1.02105263157895
219,ZIF-8,ZIF-8,PEBAX-1074,90.0,1500.0,11.8,3.4,0.2,60.0,25,3.0,5.8,11.2068965517241,1.4,1.06842105263158
317,ZIF-8,ZIF-8,Matrimid 5218,60.0,1450.0,11.6,3.4,0.2,55.0,22,4.0,0.23,35.0869565217391,1.60594795539033,1.19150977335412
268,ZIF-8,ZIF-8,PEBAX 1657,700.0,1506.0,11.6,3.4,0.05,95.0,35,11.0,4.1,17.0975609756098,1.85449358059914,1.08620338292236
387,MIL-53,MIL-53,6FDA/ODA-DAM,125.0,840.0,7.8,7.8,0.3,61.5,35,11.2,1.7,18.9411764705882,1.8167701863354,1.93031832298137
308,ZIF-11,ZIF-11,6FDA,1100.0,350.29,14.6,3.0,0.3,70.0,35,4.0,0.63,32.6984126984127,3.54611650485437,0.930855582524272
281,ZIF-8,ZIF-8,6FDA-Durene,150.0,1350.0,11.6,3.4,0.05,50.0,25,6.0,68.1,20.0558002936858,1.15888124176307,0.963611875019109
372,MIL-53,MIL-53,6FDA-ODA,125.0,745.0,7.8,7.8,0.3,,35,11.2,2.97916666666667,4.8,1.01398601398601,3.25
44,MOF-5,MOF-5,PI,3000.0,2387.0,7.8,7.8,0.05,40.0,25,4.0,0.227,9.91189427312775,1.73333333333333,1.17804391217565
316,ZIF-8,ZIF-8,Matrimid 5218,60.0,1450.0,11.6,3.4,0.2,55.0,22,4.0,0.23,35.0869565217391,1.08798017348203,1.08798017348203
472,MIL-101,MIL-101,SPEEK,500.0,3175.0,19.9,7.5,0.3,65.0,25,1.0,75.3968253968254,7.56,2.10526315789474,1.6031746031746
442,MIL-68,MIL-68,PSF,794.0,100.0,6.0,6.0,0.04,,35,0.27,0.19,28.4210526315789,0.87037037037037,0.97276688453159
527,UiO-66,UiO-66,6FDD,324.0,537.0,11.0,6.0,0.3,50.0,35,3.0,5.3,31.1320754716981,2.04787878787879,0.952083997873471
183,ZIF-8,ZIF-8,6FDA-Durene/DABA (9/1),80.0,1350.0,11.6,3.4,0.2,50.0,3,10.0,13.1,19.5419847328244,1.53125,1.04475911458333
536,UiO-66,UiO-66,6FDA-ODA,200.0,857.0,11.0,6.0,0.25,30.0,35,11.2,0.33,43.6363636363636,3.5,1.05
400,MIL-53,MIL-53,PMP,110.0,1440.0,7.8,7.8,0.15,65.0,30,2.0,11.32,8.7226148409894,1.41340895280535,1.80380939636489
94,MOF-5,MOF-5,PI,3000.0,2387.0,7.8,7.8,0.05,40.0,25,4.0,0.227,9.91189427312775,3.04444444444444,0.953226053639847
289,ZIF-8,ZIF-8,Pebax2533,400.0,1350.0,11.6,3.4,0.15,50.0,25,2.0,42.0,8.35714285714286,1.63532763532764,0.738535061115706
205,ZIF-71,ZIF-71,PIM-1-TT,,996.4,16.5,4.2,0.1,60.0,35,3.5,322.2,10.2256362507759,1.29632439979361,1.10671892319422
358,ZIF-7,ZIF-7,PEI,40.0,350.0,7.5,3.0,0.05,400.0,35,2.03,18.9,4.36507936507937,2.98060606060606,0.522089476788272
437,MIL-53,MIL-53,PI,1000.0,1475.0,6.0,6.0,0.15,75.0,35,3.0,0.236842105263158,38.0,0.938888888888889,1.01315789473684
523,UiO-66,UiO-66,Matrimid 5218,350.0,980.0,11.0,6.0,0.2,100.0,25,3.0,0.6,30.0,2.22222222222222,1.4
333,ZIF-7,ZIF-7,PIM-1-TT,30.0,426.0,7.5,3.0,0.05,85.0,30,2.0,368.852459016393,12.2,0.988888888888889,1.0655737704918
142,NOTT-300,NOTT-300,PEBAX 1657,900.0,1370.0,6.5,6.5,0.2,60.0,25,10.0,3.8,21.6184210526316,1.76506390748631,1.17670927165754
351,ZIF-7,ZIF-7,XLPEO,70.0,350.0,7.5,3.0,0.28,100.0,35,5.0,4.56521739130435,23.0,1.28571428571429,1.58636897767333
286,ZIF-8,ZIF-8,6FDA-Durene,150.0,1350.0,11.6,3.4,0.3,50.0,25,6.0,68.1,20.0558002936858,1.56340606238102,0.92180045755972
350,ZIF-7,ZIF-7,XLPEO,70.0,350.0,7.5,3.0,0.17,100.0,35,5.0,4.56521739130435,23.0,1.19047619047619,1.29399585921325
417,MIL-53,MIL-53,Matrimid 5218,100.0,1590.0,8.5,8.5,0.375,55.0,35,2.0,0.22,38.1818181818182,4.76190476190476,2.38095238095238
412,Cu3BTC2,Cu3BTC2,PVDF,15000.0,626.0,,,0.1,,25,0.5,0.043,21.2790697674419,1.75081967213115,1.71102831594635
77,MOF-5,MOF-5,PI,3000.0,2387.0,7.8,7.8,0.05,40.0,25,2.0,0.223,9.41704035874439,2.26190476190476,1.07320162107396
97,MOF-5,MOF-5,PI,3000.0,2387.0,7.8,7.8,0.05,40.0,25,2.0,0.223,9.41704035874439,3.0,0.989644970414201
511,UiO-66,UiO-66,Matrimid 9725,,873.0,11.0,6.0,0.3,85.0,35,9.0,0.189102564102564,31.2,6.44067796610169,1.52884615384615
54,MOF-5,MOF-5,PI,3000.0,2387.0,7.8,7.8,0.05,40.0,25,4.0,0.227,9.91189427312775,2.25333333333333,0.737041306436119
413,Cu3BTC2,Cu3BTC2,PVDF,15000.0,626.0,,,0.15,,25,0.5,0.043,21.2790697674419,2.17158469945355,2.1222305017387
380,MIL-53,MIL-53,6FDA/ODA-DAM,125.0,840.0,7.8,7.8,0.1,61.5,35,11.2,2.3,23.5217391304348,0.946395563770795,1.20928322037379
223,ZIF-8,ZIF-8,PEBAX-1074,90.0,1500.0,11.8,3.4,0.2,60.0,25,3.0,5.8,11.2068965517241,2.53846153846154,1.60033444816054
168,MOF-74,MOF-74,PIM-1-TD,11000.0,1250.0,11.0,11.0,0.2,50.0,25,2.0,536.0,12.2686567164179,3.23433698296837,1.55619804566521
163,[Ni3(HCOO)6],[Ni3(HCOO)6],BTDA-TDI/MDI (P84),400.0,293.0,4.6,4.6,0.15,,30,5.0,0.0163636363636364,44.0,1.75,1.52272727272727
193,ZIF-71,ZIF-71,6FDA-Durene,100.0,679.0,16.5,4.2,0.2,,35,3.5,58.6,14.7085889570552,4.17726798748697,0.867381760459077
421,MIL-101,MIL-101,6FDA-mPD,250.0,2770.0,12.0,12.0,0.16,,35,3.0,0.185185185185185,54.0,2.9,1.0
2,Cu3BTC2,Cu3BTC2,Azide-PMP,100.0,1232.0,8.6,8.6,0.15,60.0,30,2.0,10.5,9.25714285714286,1.2798353909465,2.44332210998878
278,ZIF-8,ZIF-8,6FDA-Durene,150.0,1350.0,11.6,3.4,0.2,50.0,25,2.0,65.0,22.5892307692308,1.38091670639515,0.748620399630399
251,ZIF-8,ZIF-8,PVC-g-POEM,250.0,1350.0,11.6,3.4,0.1,,35,1.0,2.4,18.125,4.84137931034483,0.790429275158339
483,UiO-66,UiO-66,6FDA-BisP,50.0,951.0,11.0,6.0,0.08,45.0,25,2.0,1.0,28.0,2.85714285714286,1.30357142857143
493,UiO-66,UiO-66,6FDA-ODA,50.0,951.0,11.0,6.0,0.21,100.0,25,2.0,0.717948717948718,39.0,2.57142857142857,0.31025641025641
395,MIL-53,MIL-53,Matrimid 5218,280.0,1440.0,8.5,8.5,0.1,,35,3.0,0.22,28.1818181818182,1.20161290322581,1.10147849462366
486,UiO-66,UiO-66,6FDA-DAM,50.0,951.0,11.0,6.0,0.04,45.0,25,2.0,33.8983050847458,29.5,1.29,1.03050847457627
19,Cu3BTC2,Cu3BTC2,ODPA–TMPDA,400.0,1232.0,8.6,8.6,0.15,55.0,35,2.0,1.62854216456128,29.29,2.57861635220126,0.914988050529191
407,MIL-53,MIL-53,PVDF,100.0,782.0,7.8,7.8,0.1,,25,0.5,0.043,21.2790697674419,1.53661202185792,1.22359846184983
143,NOTT-300,NOTT-300,PEBAX 1657,900.0,1370.0,6.5,6.5,0.3,60.0,25,10.0,3.8,21.6184210526316,3.21363359707851,1.2922547797776
51,MOF-5,MOF-5,PI,3000.0,2387.0,7.8,7.8,0.05,40.0,25,1.0,0.22,9.31818181818182,1.98536585365854,0.762269612224918
375,MIL-53,MIL-53,Matrimid 5218,125.0,1440.0,8.5,8.5,0.15,61.5,35,11.2,0.2,31.0,1.08064516129032,0.304407087687415
108,MOF-5,MOF-5,PI,3000.0,2387.0,7.8,7.8,0.05,40.0,25,3.0,0.225,9.77777777777778,3.18181818181818,0.909668476377498
355,ZIF-7,ZIF-7,XLPEO,40.0,417.0,7.5,3.0,0.3,100.0,35,5.0,4.56521739130435,23.0,2.04761904761905,2.43478260869565
455,ZIF-8,ZIF-8,Matrimid 5218,300.0,1550.0,1.16,3.4,0.2,55.0,35,5.0,0.355,23.3802816901408,2.14457831325301,1.8345187980839
47,MOF-5,MOF-5,PI,3000.0,2387.0,7.8,7.8,0.05,40.0,25,2.0,0.223,9.41704035874439,1.85238095238095,0.91389591234724
24,Cu3BTC2,Cu3BTC2,ODPA–TMPDA,400.0,1232.0,8.6,8.6,0.1,55.0,35,2.0,0.202666666666667,37.5,2.02631578947368,1.01333333333333
310,ZIF-8,ZIF-8,Matrimid 5218,120.0,1350.0,11.6,3.4,0.2,,35,5.0,0.24,33.3333333333333,2.3125,1.85
301,ZIF-8,ZIF-8,Matrimid 5218,50.0,1350.0,11.6,3.4,0.2,40.0,35,2.6,0.24,41.6666666666667,0.8,1.06666666666667
496,UiO-66,UiO-66,6FDA-DAM,50.0,951.0,11.0,6.0,0.14,125.0,25,2.0,35.0877192982456,28.5,2.05,1.07017543859649
155,MOF-5,MOF-5,Matrimid 5218,100.0,3000.0,11.0,11.0,0.3,35.0,35,2.0,0.22,40.9090909090909,2.24444444444444,1.09728395061728
106,MOF-5,MOF-5,PI,3000.0,2387.0,7.8,7.8,0.05,40.0,25,1.0,0.22,9.31818181818182,2.80487804878049,0.977928955200804
303,ZIF-8,ZIF-8,Matrimid 5218,50.0,1350.0,11.6,3.4,0.4,40.0,35,2.6,0.24,41.6666666666667,2.6,0.701123595505618
434,MIL-53,MIL-53,PSF,1000.0,1475.0,,6.0,0.25,75.0,35,3.0,0.211570247933884,24.2,1.07421875,1.16528925619835
192,ZIF-71,ZIF-71,6FDA-Durene,100.0,679.0,16.5,4.2,0.1,,35,3.5,58.6,14.7085889570552,1.88216892596455,1.01419350390817
136,Fe-BTC,Fe-BTC,PEBAX 1657,200.0,1500.0,8.5,5.8,0.1,,25,3.0,3.84,18.4036458333333,1.16485071458893,1.05247688094624
293,ZIF-8,ZIF-8,Pebax2533,400.0,1350.0,11.6,3.4,0.35,50.0,25,2.0,42.0,8.35714285714286,3.66666666666667,4.52941176470588
362,ZIF-11,ZIF-11,Matrimid 5218,1000.0,1100.0,16.5,3.0,0.4,70.0,35,4.0,0.26,16.1538461538462,2.38095238095238,4.12698412698413
245,ZIF-8,ZIF-8,6FDA-HAB DAM,50.0,1350.0,11.6,3.4,0.2,60.0,35,1.0,2.3,50.8695652173913,1.91452991452991,0.721871934986689
225,ZIF-108,ZIF-108,P84,,384.0,16.4,5.5,0.05,,30,3.0,0.0980662983425414,72.4,4.12676056338028,0.984806629834254
319,ZIF-8,ZIF-8,Matrimid 5218,60.0,1450.0,11.6,3.4,0.2,55.0,22,4.0,0.23,35.0869565217391,2.06071871127633,1.03035935563817
95,MOF-5,MOF-5,PI,3000.0,2387.0,7.8,7.8,0.05,40.0,25,5.0,0.249,9.23694779116466,3.10869565217391,1.0488688582538
304,ZIF-8,ZIF-8,Matrimid 5218,50.0,1350.0,11.6,3.4,0.5,40.0,35,2.6,0.24,41.6666666666667,0.5,2.4
23,Cu3BTC2,Cu3BTC2,ODPA–TMPDA,400.0,1232.0,8.6,8.6,0.5,55.0,35,2.0,1.62854216456128,29.29,10.335429769392,0.355069989757596
48,MOF-5,MOF-5,PI,3000.0,2387.0,7.8,7.8,0.05,40.0,25,3.0,0.225,9.77777777777778,1.87727272727273,0.887366310160428
261,ZIF-8,ZIF-8,PEBAX 1657,250.0,698.0,11.6,3.4,0.2,80.0,25,1.0,4.0,19.0,1.97368421052632,1.09649122807018
39,MOF-5,MOF-5,PI,3000.0,2387.0,7.8,7.8,0.05,40.0,25,4.0,0.227,9.91189427312775,1.69777777777778,1.18583247863248
259,ZIF-8,ZIF-8,PEBAX 1657,250.0,698.0,11.6,3.4,0.1,80.0,25,1.0,4.0,19.0,1.21052631578947,1.72932330827068
505,UiO-66,UiO-66,6FDA-DAM,,913.0,11.0,6.0,0.24,125.0,25,2.0,35.0877192982456,28.5,1.45,0.807017543859649
288,ZIF-8,ZIF-8,Pebax2533,400.0,1350.0,11.6,3.4,0.1,50.0,25,2.0,42.0,8.35714285714286,1.21652421652422,1.02188034188034
11,Cu3BTC2,Cu3BTC2,Ultem 1000,1000.0,1439.0,8.6,8.6,0.2,42.5,35,3.5,0.0310035354908893,36.77,2.08771929824561,1.02529235790046
185,ZIF-8,ZIF-8,6FDA-Durene/DABA (9/1),80.0,1350.0,11.6,3.4,0.4,50.0,3,10.0,13.1,19.5419847328244,3.04296875,1.06585269050802
309,ZIF-8,ZIF-8,Matrimid 5218,120.0,1350.0,11.6,3.4,0.1,,35,5.0,0.24,33.3333333333333,1.5625,1.5
446,MIL-53,MIL-53,FDH,100.0,1400.0,8.5,8.5,0.1,,35,11.2,3.0,18.0333333333333,1.13493530499076,0.873027157685198
191,ZIF-8,ZIF-8,PIM-1,40.0,1350.0,11.6,3.4,0.43,,35,1.0,310.0,24.3888888888889,4.40774487471526,0.450792089459515
58,MOF-5,MOF-5,PI,3000.0,2387.0,7.8,7.8,0.05,40.0,25,3.0,0.225,9.77777777777778,1.91363636363636,0.875138580931264
398,MIL-53,MIL-53,PMP,110.0,1440.0,7.8,7.8,0.05,65.0,30,2.0,11.32,8.7226148409894,1.08689487543042,1.3595193358975
275,ZIF-8,ZIF-8,6FDA-Durene,150.0,1350.0,11.6,3.4,0.07,50.0,25,2.0,65.0,22.5892307692308,1.20785942927195,0.86086472481005
504,UiO-66,UiO-66,6FDA-DAM,,913.0,11.0,6.0,0.16,125.0,25,2.0,35.0877192982456,28.5,1.25,1.12280701754386
160,Fe-BTC,Fe-BTC,Matrimid 5218,50000.0,1500.0,8.5,5.5,0.2,61.5,35,5.0,0.354,25.1977401129944,1.17040358744395,1.07060173115028
335,ZIF-7,ZIF-7,PIM-1-TT,30.0,426.0,7.5,3.0,0.2,85.0,30,2.0,368.852459016393,12.2,0.633333333333333,1.72131147540984
59,MOF-5,MOF-5,PI,3000.0,2387.0,7.8,7.8,0.05,40.0,25,4.0,0.227,9.91189427312775,2.17777777777778,0.890730730730731
348,ZIF-67,ZIF-67,PIM-1-TT,300.0,1481.0,11.6,3.4,0.2,85.0,30,2.0,360.0,6.2,1.56818181818182,1.90322580645161
13,Cu3BTC2,Cu3BTC2,Ultem 1000,1000.0,1439.0,8.6,8.6,0.4,42.5,35,3.5,0.0310035354908893,36.77,10.0438596491228,0.579276584171879
539,HKUST-1,HKUST-1,6FDA-ODA,15000.0,809.0,9.5,3.5,0.25,30.0,35,11.2,0.33,43.6363636363636,1.51388888888889,1.16182170542636
103,MOF-5,MOF-5,PI,3000.0,2387.0,7.8,7.8,0.05,40.0,25,3.0,0.225,9.77777777777778,3.09545454545455,0.783439001942939
154,MOF-5,MOF-5,Matrimid 5218,100.0,3000.0,11.0,11.0,0.2,35.0,35,2.0,0.22,40.9090909090909,1.53333333333333,0.992156862745098
502,UiO-66,UiO-66,6FDA-DAM,,913.0,11.0,6.0,0.06,125.0,25,2.0,35.0877192982456,28.5,1.17,1.08771929824561
239,ZIF-8,ZIF-8,6FDA-Durene,50.0,1500.0,11.6,3.4,0.2,,30,3.5,66.57,7.03034399879826,3.12548877160744,1.27568232695222
56,MOF-5,MOF-5,PI,3000.0,2387.0,7.8,7.8,0.05,40.0,25,1.0,0.22,9.31818181818182,1.84878048780488,1.00427582053598
242,ZIF-8,ZIF-8,6FDA-HAB DAM-5,50.0,1350.0,11.6,3.4,0.1,60.0,35,1.0,6.9,33.768115942029,1.53218884120172,0.997368207952061
17,Cu3BTC2,Cu3BTC2,ODPA–TMPDA,400.0,1232.0,8.6,8.6,0.1,55.0,35,2.0,1.62854216456128,29.29,2.47379454926625,0.904745646978491
403,MIL-53,MIL-53,PMP,110.0,1440.0,7.8,7.8,0.3,65.0,30,2.0,11.32,8.7226148409894,2.29258659104719,2.56443480342433
338,ZIF-8,ZIF-8,TBDA2-6FDA,45.0,1250.0,11.6,3.4,0.2,,35,1.0,8.0,35.625,3.14385964912281,0.598830409356725
60,MOF-5,MOF-5,PI,3000.0,2387.0,7.8,7.8,0.05,40.0,25,5.0,0.249,9.23694779116466,1.87826086956522,0.728484355952865
503,UiO-66,UiO-66,6FDA-DAM,,913.0,11.0,6.0,0.11,125.0,25,2.0,35.0877192982456,28.5,1.2,1.10526315789474
427,MIL-53,MIL-53,Matrimid 5218,650.0,1350.0,,6.0,0.08,55.0,35,3.0,0.260869565217391,34.5,0.877777777777778,1.10144927536232
443,MIL-68,MIL-68,PSF,1040.0,100.0,6.0,6.0,0.08,,35,0.27,0.19,28.4210526315789,0.87037037037037,0.826851851851852
37,MOF-5,MOF-5,PI,3000.0,2387.0,7.8,7.8,0.05,40.0,25,2.0,0.223,9.41704035874439,1.66666666666667,1.23068432671082
324,ZIF-7,ZIF-7,Matrimid 5218,,1100.0,11.6,3.4,0.15,40.0,35,3.45,0.258840579710145,34.5,2.23964165733483,1.04347826086957
262,ZIF-7,ZIF-7,PEBAX 1657,35.0,1100.0,7.5,3.0,0.08,0.498,20,3.5,5.14285714285714,14.0,2.01388888888889,1.64285714285714
480,MIL-53,MIL-53,PSF Udel P-3500,600.0,1140.0,8.0,8.0,0.25,87.5,35,4.0,4.89795918367347,24.0,1.3265306122449,1.91666666666667
129,NUS-8,NUS-8,PIM-1-TT,5000.0,664.0,6.0,6.0,0.01,65.0,25,1.0,272.108843537415,14.7,1.3,1.71428571428571
475,MIL-101,MIL-101,SPEEK,500.0,1372.0,19.9,6.61,0.2,65.0,25,1.0,75.3968253968254,7.56,2.73684210526316,1.12962962962963
340,ZIF-8,ZIF-8,TBDA2-6FDA,45.0,1250.0,11.6,3.4,0.07,,35,1.0,8.0,35.625,1.33333333333333,0.711111111111111
337,ZIF-8,ZIF-8,TBDA2-6FDA,45.0,1250.0,11.6,3.4,0.07,,35,1.0,8.0,35.625,1.96491228070175,0.748538011695907
470,MIL-101,MIL-101,SPEEK,500.0,3175.0,19.9,7.5,0.1,65.0,25,1.0,75.3968253968254,7.56,1.12280701754386,1.17724867724868
148,MOF–74,MOF–74,PVAc,3000.0,325.0,11.0,11.0,0.05,60.0,35,6.0,0.07,10.1428571428571,1.2112676056338,1.2112676056338
27,Cu3BTC2,Cu3BTC2,PPO,13000.0,1791.5,8.6,8.6,0.1,30.0,30,10.0,4.39490445859873,15.7,1.23188405797101,1.49044585987261
357,ZIF-7,ZIF-7,PEI,40.0,350.0,7.5,3.0,0.05,400.0,35,2.03,18.9,4.36507936507937,0.784242424242424,2.96443636363636
130,NUS-8,NUS-8,PIM-1-TT,5000.0,664.0,6.0,6.0,0.02,65.0,25,1.0,272.108843537415,14.7,1.625,2.04761904761905
364,ZIF-90,ZIF-90,6FDA-TP,79.0,1426.0,11.2,3.5,0.2,58.5,35,,0.5,40.0,1.45,1.03571428571429
476,MIL-101,MIL-101,SPEEK,500.0,1372.0,19.9,6.61,0.3,65.0,25,1.0,75.3968253968254,7.56,3.43859649122807,1.25396825396825
518,UiO-66,UiO-66,PIM-1-TT,30.0,950.0,11.0,6.0,0.3,1.0,25,4.0,206.896551724138,14.5,0.733333333333333,1.55172413793103
200,ZIF-11,ZIF-11,Pebax2533,2500.0,350.29,14.6,3.0,0.7,150.0,20,2.0,26.0,38.3333333333333,1.76086956521739,0.812709030100334
370,MIL-53,MIL-53,6FDA-ODA,125.0,745.0,7.8,7.8,0.2,,35,11.2,2.97916666666667,4.8,1.00699300699301,2.45833333333333
449,MIL-53,MIL-53,FDH,100.0,795.0,7.8,7.8,0.15,,35,11.2,3.0,18.0333333333333,0.863216266173752,3.23706099815157
451,MIL-53,MIL-53,Matrimid 5218,200.0,1200.0,8.5,8.5,0.1,55.0,35,5.0,0.355,23.3802816901408,1.56626506024096,1.50276782806903
70,MOF-5,MOF-5,PI,3000.0,2387.0,7.8,7.8,0.05,40.0,25,5.0,0.249,9.23694779116466,2.60869565217391,0.832775919732441
170,TKL-107,TKL-107,Matrimid 5218,,1454.0,6.0,6.0,0.05,65.0,25,2.0,0.209366391184573,36.3,1.17894736842105,1.21212121212121
26,Cu3BTC2,Cu3BTC2,PPO,50000.0,1669.1,8.6,8.6,0.1,30.0,30,10.0,4.39490445859873,15.7,1.09420289855072,0.872611464968153
150,MOF–74,MOF–74,PVAc,3000.0,325.0,11.0,11.0,0.2,60.0,35,6.0,0.07,10.1428571428571,3.40845070422535,2.16901408450704
128,NUS-8,NUS-8,PIM-1-TT,5000.0,664.0,6.0,6.0,0.005,65.0,25,1.0,272.108843537415,14.7,1.2,1.19047619047619
248,ZIF-8,ZIF-8,6FDA-HAB DAM-7,50.0,1350.0,11.6,3.4,0.2,60.0,35,1.0,12.7,23.9370078740157,1.19078947368421,1.33832091290172
118,Ni2(dobdc),Ni2(dobdc),matrimid ,17.5,1400.0,7.6,7.6,0.23,,25,1.0,0.276811594202899,34.5,0.974869109947644,0.855072463768116
447,MIL-53,MIL-53,FDH,100.0,1400.0,8.5,8.5,0.15,,35,11.2,3.0,18.0333333333333,1.31423290203327,0.83887206512762
199,ZIF-11,ZIF-11,Pebax2533,2500.0,350.29,14.6,3.0,0.5,150.0,20,2.0,26.0,38.3333333333333,1.0,1.2
391,MIL-53,MIL-53,6FDA/ODA-DAM,125.0,840.0,7.8,7.8,0.1,61.5,35,11.2,6.4,20.3125,0.861538461538462,1.22529914529915
127,KAUST-7,KAUST-7,6FDA-Durene,80.0,248.0,4.7,4.7,0.33,50.0,35,2.0,31.4583333333333,24.0,1.65562913907285,2.58333333333333
215,ZIF-8,ZIF-8,PEGDA-co-PEGMEA,200.0,1500.0,11.8,3.4,0.1,125.0,35,,19.0,17.3684210526316,1.6969696969697,1.11180773249739
393,MIL-53,MIL-53,6FDA/ODA-DAM,125.0,840.0,7.8,7.8,0.2,61.5,35,11.2,6.4,20.3125,0.884615384615385,0.690431519699812
260,ZIF-8,ZIF-8,PEBAX 1657,250.0,698.0,11.6,3.4,0.15,80.0,25,1.0,4.0,19.0,1.64473684210526,1.31578947368421
226,ZIF-108,ZIF-108,P84,,384.0,16.4,5.5,0.1,,30,3.0,0.0980662983425414,72.4,5.76056338028169,2.40331491712707
100,MOF-5,MOF-5,PI,3000.0,2387.0,7.8,7.8,0.05,40.0,25,5.0,0.249,9.23694779116466,3.38260869565217,0.938985022538898
484,UiO-66,UiO-66,6FDA-BisP,50.0,951.0,11.0,6.0,0.14,45.0,25,2.0,1.0,28.0,3.71428571428571,1.5
80,MOF-5,MOF-5,PI,3000.0,2387.0,7.8,7.8,0.05,40.0,25,5.0,0.249,9.23694779116466,2.31739130434783,0.887739130434783
411,Cu3BTC2,Cu3BTC2,PVDF,15000.0,626.0,,,0.05,,25,0.5,0.043,21.2790697674419,1.23060109289617,1.17590771098968
138,Fe-BTC,Fe-BTC,PEBAX 1657,200.0,1500.0,8.5,5.8,0.2,,25,3.0,3.84,18.4036458333333,1.39125512947502,1.20596381426278
214,ZIF-8,ZIF-8,PEGDA,200.0,1500.0,11.8,3.4,0.5,125.0,35,,6.5,20.0,10.0,0.6
89,MOF-5,MOF-5,PI,3000.0,2387.0,7.8,7.8,0.05,40.0,25,4.0,0.227,9.91189427312775,2.40888888888889,0.781168253968254
410,Cu3BTC2,Cu3BTC2,PVDF,15000.0,1066.0,9.0,3.5,0.15,,25,0.5,0.043,21.2790697674419,3.50382513661202,3.50382513661202
368,MIL-53,MIL-53,6FDA-ODA,125.0,745.0,7.8,7.8,0.1,,35,11.2,2.97916666666667,4.8,0.993006993006993,2.14583333333333
112,MOF-5,MOF-5,PEI,55.0,2387.0,8.67,8.67,0.15,35.0,25,3.0,0.09,18.6666666666667,1.91071428571429,1.14642857142857
385,MIL-53,MIL-53,6FDA/ODA-DAM,125.0,840.0,7.8,7.8,0.2,61.5,35,11.2,1.7,18.9411764705882,1.62422360248447,1.31484767820172
533,UiO-66,UiO-66,PMMA,100.0,1500.0,11.0,6.0,0.21,150.0,24,4.0,0.008,68.75,2.05454545454545,0.898161947342275
494,UiO-66,UiO-66,6FDA-DAM,50.0,951.0,11.0,6.0,0.04,125.0,25,2.0,35.0877192982456,28.5,1.28,1.03157894736842
415,MIL-125,MIL-125,PSF,650.0,1300.0,10.7,6.0,0.2,10.0,30,3.0,0.431818181818182,22.0,3.08421052631579,1.34090909090909
297,ZIF-8,ZIF-8,Pebax2533,400.0,1350.0,11.6,3.4,0.2,50.0,25,6.0,34.0,8.79411764705882,2.81939799331104,0.743097145523839
478,MIL-53,MIL-53,PSF Udel P-3500,600.0,1140.0,8.0,8.0,0.08,87.5,35,4.0,4.89795918367347,24.0,1.02040816326531,1.20833333333333
271,ZIF-67,ZIF-67,PEBAX 1657,300.0,1465.0,11.6,3.3,0.04,95.0,35,11.0,4.1,17.0975609756098,2.28245363766049,1.61345860593241
327,ZIF-8,ZIF-8,Matrimid 5218,,1650.0,11.6,3.4,0.25,55.0,33,4.5,0.333333333333333,33.0,2.18181818181818,1.18181818181818
229,ZIF-108,ZIF-108,P84,,384.0,16.4,5.5,0.59,,30,3.0,0.0980662983425414,72.4,23.2394366197183,0.00897790055248619
405,MIL-53,MIL-53,PVDF,100.0,1170.0,8.5,8.5,0.1,,25,0.5,0.043,21.2790697674419,1.69726775956284,0.98625018461084
0,Cu3BTC2,Cu3BTC2,Azide-PMP,100.0,1232.0,8.6,8.6,0.05,60.0,30,2.0,10.5,9.25714285714286,0.908436213991769,1.83434235517569
495,UiO-66,UiO-66,6FDA-DAM,50.0,951.0,11.0,6.0,0.08,125.0,25,2.0,35.0877192982456,28.5,1.9,1.12280701754386
184,ZIF-8,ZIF-8,6FDA-Durene/DABA (9/1),80.0,1350.0,11.6,3.4,0.3,50.0,3,10.0,13.1,19.5419847328244,2.3515625,1.02004863410596
198,ZIF-11,ZIF-11,Pebax2533,2500.0,350.29,14.6,3.0,0.3,150.0,20,2.0,26.0,38.3333333333333,0.782608695652174,1.23569794050343
180,ZIF-8,ZIF-8,6FDA-Durene/DABA (9/1),80.0,1350.0,11.6,3.4,0.05,50.0,3,10.0,13.1,19.5419847328244,1.01953125,1.01180752840909
29,Cu3BTC2,Cu3BTC2,PEBAX 1657,,644.0,8.6,8.6,0.15,75.0,30,0.3,5.12,16.4453125,1.60570071258907,1.43476224231345
126,KAUST-7,KAUST-7,6FDA-Durene,80.0,248.0,4.7,4.7,0.33,50.0,35,2.0,31.4583333333333,24.0,1.48344370860927,2.22916666666667
346,ZIF-67,ZIF-67,PIM-1-TT,300.0,1481.0,11.6,3.4,0.05,85.0,30,2.0,360.0,6.2,1.13636363636364,1.2258064516129
177,Cu3BDC2,Cu3BDC2,PIM-1-TT,27.5,180.0,5.2,5.2,0.15,0.2,25,1.0,489.0,3.0,0.272090395480226,3.73333333333333
389,MIL-53,MIL-53,6FDA/ODA-DAM,125.0,840.0,7.8,7.8,0.35,61.5,35,11.2,1.7,18.9411764705882,2.04347826086956,1.44746376811594
167,MOF-74,MOF-74,PIM-1-TD,11000.0,1250.0,11.0,11.0,0.15,50.0,25,2.0,536.0,12.2686567164179,2.29075425790754,1.41783404415525
332,ZIF-7,ZIF-7,PIM-1-TT,30.0,351.0,7.5,3.0,0.3,85.0,30,2.0,368.852459016393,12.2,1.31111111111111,0.622950819672131
402,MIL-53,MIL-53,PMP,110.0,1440.0,7.8,7.8,0.25,65.0,30,2.0,11.32,8.7226148409894,2.06036054283978,2.31381759374467
75,MOF-5,MOF-5,PI,3000.0,2387.0,7.8,7.8,0.05,40.0,25,5.0,0.249,9.23694779116466,2.21739130434783,0.88624467862377
147,sod-ZMOF,sod-ZMOF,Matrimid 5218,2000.0,33.0,1.6,9.6,0.2,47.5,30,4.0,0.15,37.2666666666667,2.17710196779964,0.88260890586472
99,MOF-5,MOF-5,PI,3000.0,2387.0,7.8,7.8,0.05,40.0,25,4.0,0.227,9.91189427312775,3.15555555555556,0.884334705075446
450,MIL-53,MIL-53,FDH,100.0,795.0,7.8,7.8,0.2,,35,11.2,3.0,18.0333333333333,0.818853974121996,1.53535120147874
453,MIL-53,MIL-53,Matrimid 5218,200.0,1200.0,8.5,8.5,0.3,55.0,35,5.0,0.355,23.3802816901408,2.46987951807229,2.27742137380692
188,ZIF-8,ZIF-8,PIM-1,40.0,1350.0,11.6,3.4,0.36,,35,1.0,310.0,24.3888888888889,1.55353075170843,0.735882987651361
158,MOP-18,MOP-18,Matrimid 5218,5000.0,,15.0,10.0,0.44,74.0,35,2.6,0.22,33.3181818181818,2.12960436562074,0.493171537301644
374,MIL-53,MIL-53,6FDA-ODA,125.0,745.0,7.8,7.8,0.36,,35,11.2,2.97916666666667,4.8,1.03146853146853,2.14583333333333
426,MIL-101,MIL-101,Matrimid 5218/PVDF(3%),,2730.0,19.9,12.0,0.1,,35,7.0,0.22,42.8181818181818,1.57855626326964,1.44700990799717
234,ZIF-8,ZIF-8,PEBAX 1657,66.0,1637.0,11.6,3.4,8.0,13.0,30,2.0,22.0,6.45454545454545,1.75352112676056,2.03039288361749
409,Cu3BTC2,Cu3BTC2,PVDF,15000.0,1066.0,9.0,3.5,0.1,,25,0.5,0.043,21.2790697674419,2.1879781420765,1.96006375227687
353,ZIF-7,ZIF-7,XLPEO,40.0,417.0,7.5,3.0,0.09,100.0,35,5.0,4.56521739130435,23.0,1.42857142857143,1.39130434782609
210,ZIF-71,ZIF-71,PIM-1-TT,,996.4,16.5,4.2,0.3,60.0,35,3.5,36.2,34.0662983425414,2.80457346740188,1.04557733800153
408,Cu3BTC2,Cu3BTC2,PVDF,15000.0,1066.0,9.0,3.5,0.05,,25,0.5,0.043,21.2790697674419,1.16612021857923,1.16612021857923
194,ZIF-71,ZIF-71,6FDA-Durene,100.0,679.0,16.5,4.2,0.3,,35,3.5,58.6,14.7085889570552,8.08133472367049,0.780597072567875
491,UiO-66,UiO-66,6FDA-ODA,50.0,951.0,11.0,6.0,0.08,100.0,25,2.0,0.717948717948718,39.0,1.33928571428571,1.35897435897436
466,MIL-125,MIL-125,Matrimid 9725,150.0,930.0,10.7,5.5,0.1,,35,9.0,0.133333333333333,30.0,1.875,1.48333333333333
347,ZIF-67,ZIF-67,PIM-1-TT,300.0,1481.0,11.6,3.4,0.1,85.0,30,2.0,360.0,6.2,1.22727272727273,1.29032258064516
296,ZIF-8,ZIF-8,Pebax2533,400.0,1350.0,11.6,3.4,0.15,50.0,25,6.0,34.0,8.79411764705882,1.69899665551839,0.614530705187504
267,ZIF-8,ZIF-8,PEBAX 1657,700.0,1506.0,11.6,3.4,0.04,95.0,35,11.0,4.1,17.0975609756098,1.83166904422254,1.15536047404806
4,MMIF,MMIF,Matrimid 5218,45.0,420.0,3.35,3.35,0.1,,35,4.0,0.19,35.8947368421053,1.18768328445748,1.07457059069962
272,ZIF-67,ZIF-67,PEBAX 1657,300.0,1465.0,11.6,3.3,0.05,95.0,35,11.0,4.1,17.0975609756098,2.31098430813124,1.45769779435971
197,ZIF-8,ZIF-8,PPEES,4900.0,1550.0,11.8,3.4,0.3,,30,1.0,0.3,25.0,10.0,0.952380952380952
178,ZIF-7,ZIF-7,PEI,55.0,350.0,7.5,3.0,0.05,400.0,3,2.03,18.9,3.78440366972477,0.784242424242424,4.49907496012759
222,ZIF-8,ZIF-8,PEBAX-1074,90.0,1500.0,11.8,3.4,0.1,60.0,25,3.0,5.8,11.2068965517241,1.81538461538462,1.48299024918743
141,Fe-BTC,Fe-BTC,PEBAX 1657,200.0,1500.0,8.5,5.8,0.4,,25,3.0,3.84,18.4036458333333,6.01952738078392,0.668063154399141
22,Cu3BTC2,Cu3BTC2,ODPA–TMPDA,400.0,1232.0,8.6,8.6,0.4,55.0,35,2.0,1.62854216456128,29.29,5.46540880503145,0.947422328439741
422,MIL-101,MIL-101,6FDA-mPD,250.0,2770.0,12.0,12.0,0.24,,35,3.0,0.185185185185185,54.0,5.0,0.925925925925926
247,ZIF-8,ZIF-8,6FDA-HAB DAM-5,50.0,1350.0,11.6,3.4,0.2,60.0,35,1.0,6.9,33.768115942029,1.22317596566524,1.04196471149261
31,Cu–BPY–HFS,Cu–BPY–HFS,Matrimid 5218,250.0,2000.0,8.0,8.0,0.1,,35,3.9,0.21,34.7142857142857,1.07133058984911,0.93741426611797
121,Ni2(dobdc),Ni2(dobdc),6FDA-DAM,17.5,1400.0,7.6,7.6,0.23,,25,1.0,27.7005347593583,18.7,1.38030888030888,0.775401069518717
532,UiO-66,UiO-66,PMMA,100.0,1500.0,11.0,6.0,0.15,150.0,24,4.0,0.008,68.75,1.49090909090909,1.21706864564007
354,ZIF-7,ZIF-7,XLPEO,40.0,417.0,7.5,3.0,0.18,100.0,35,5.0,4.56521739130435,23.0,1.57142857142857,1.60869565217391
334,ZIF-7,ZIF-7,PIM-1-TT,30.0,426.0,7.5,3.0,0.1,85.0,30,2.0,368.852459016393,12.2,0.788888888888889,1.32786885245902
132,Co4(μ4-O)(Me2pzba)3,Co4(μ4-O)(Me2pzba)3,Matrimid 5218,3000.0,1850.0,14.0,6.0,0.08,66.0,30,3.0,0.21,41.4285714285714,1.11494252873563,1.37728194726166
42,MOF-5,MOF-5,PI,3000.0,2387.0,7.8,7.8,0.05,40.0,25,2.0,0.223,9.41704035874439,1.78571428571429,1.22527472527473
516,UiO-66,UiO-66,PIM-1-TT,30.0,950.0,11.0,6.0,0.1,1.0,25,4.0,206.896551724138,14.5,0.95,1.93103448275862
384,MIL-53,MIL-53,6FDA/ODA-DAM,125.0,840.0,7.8,7.8,0.15,61.5,35,11.2,1.7,18.9411764705882,1.54968944099379,1.0976966873706
482,UiO-66,UiO-66,6FDA-BisP,50.0,951.0,11.0,6.0,0.04,45.0,25,2.0,1.0,28.0,2.21428571428571,1.26785714285714
25,Cu3BTC2,Cu3BTC2,ODPA–TMPDA,400.0,1232.0,8.6,8.6,0.1,55.0,35,2.0,0.214285714285714,37.8,3.06172839506173,1.0
101,MOF-5,MOF-5,PI,3000.0,2387.0,7.8,7.8,0.05,40.0,25,1.0,0.22,9.31818181818182,2.66829268292683,0.931784746418893
62,MOF-5,MOF-5,PI,3000.0,2387.0,7.8,7.8,0.05,40.0,25,2.0,0.223,9.41704035874439,2.15238095238095,0.854058634129808
531,UiO-66,UiO-66,PMMA,100.0,1500.0,11.0,6.0,0.11,150.0,24,4.0,0.008,68.75,1.32727272727273,1.24919786096257
469,MIL-125,MIL-125,Matrimid 9725,150.0,930.0,10.7,5.5,0.3,,35,9.0,0.133333333333333,30.0,6.625,1.26333333333333
352,ZIF-7,ZIF-7,XLPEO,70.0,350.0,7.5,3.0,0.37,100.0,35,5.0,4.56521739130435,23.0,3.68571428571429,0.434782608695652
74,MOF-5,MOF-5,PI,3000.0,2387.0,7.8,7.8,0.05,40.0,25,4.0,0.227,9.91189427312775,2.18666666666667,0.975193189259987
40,MOF-5,MOF-5,PI,3000.0,2387.0,7.8,7.8,0.05,40.0,25,5.0,0.249,9.23694779116466,1.71739130434783,1.30375132555673
465,MIL-125,MIL-125,Matrimid 9725,150.0,930.0,10.7,5.5,0.05,,35,9.0,0.133333333333333,30.0,1.5,1.13333333333333
445,MIL-68,MIL-68,PSF,1016.0,100.0,6.0,6.0,0.08,,35,0.27,0.19,28.4210526315789,1.12962962962963,0.93317230273752
249,ZIF-8,ZIF-8,6FDA-HAB DAM-9,50.0,1350.0,11.6,3.4,0.2,60.0,35,1.0,18.4,22.445652173913,2.29297820823245,0.974383349456744
104,MOF-5,MOF-5,PI,3000.0,2387.0,7.8,7.8,0.05,40.0,25,4.0,0.227,9.91189427312775,3.19111111111111,0.88990444990445
220,ZIF-8,ZIF-8,PEBAX-1074,90.0,1500.0,11.8,3.4,0.3,60.0,25,3.0,5.8,11.2068965517241,1.52307692307692,1.07729831144465
399,MIL-53,MIL-53,PMP,110.0,1440.0,7.8,7.8,0.1,65.0,30,2.0,11.32,8.7226148409894,1.20255215718047,1.44357268497168
255,ZIF-8,ZIF-8,PEBAX 1657,275.0,1029.0,11.6,3.4,0.15,80.0,25,1.0,4.0,19.0,1.64473684210526,0.96749226006192
235,ZIF-8,ZIF-8,PEBAX 1657,44.0,1792.0,11.6,3.4,32.0,13.0,30,2.0,22.0,6.45454545454545,1.76760563380282,2.43045774647887
123,KAUST-7,KAUST-7,6FDA-Durene,80.0,248.0,4.7,4.7,0.11,50.0,35,2.0,31.4583333333333,24.0,1.18543046357616,1.1875
209,ZIF-71,ZIF-71,PIM-1-TT,,996.4,16.5,4.2,0.2,60.0,35,3.5,36.2,34.0662983425414,2.06430424910801,1.03644679358821
373,MIL-53,MIL-53,6FDA-ODA,125.0,745.0,7.8,7.8,0.32,,35,11.2,2.97916666666667,4.8,1.02797202797203,3.58333333333333
315,ZIF-8,ZIF-8,Matrimid 5218,60.0,1450.0,11.6,3.4,0.2,55.0,22,4.0,0.23,35.0869565217391,2.44733581164808,0.531025694980244
461,MIL-125,MIL-125,Matrimid 9725,1750.0,1040.0,10.7,5.5,0.1,,35,9.0,0.133333333333333,30.0,1.625,1.43333333333333
306,ZIF-11,ZIF-11,6FDA,1100.0,350.29,14.6,3.0,0.1,70.0,35,4.0,0.63,32.6984126984127,5.3252427184466,0.958543689320388
438,MIL-53,MIL-53,PI,1000.0,1475.0,6.0,6.0,0.2,75.0,35,3.0,0.236842105263158,38.0,0.946,1.16315789473684
21,Cu3BTC2,Cu3BTC2,ODPA–TMPDA,400.0,1232.0,8.6,8.6,0.3,55.0,35,2.0,1.62854216456128,29.29,3.9832285115304,0.901331512461591
428,MIL-53,MIL-53,Matrimid 5218,650.0,1350.0,,6.0,0.15,55.0,35,3.0,0.260869565217391,34.5,0.977777777777778,1.09275362318841
53,MOF-5,MOF-5,PI,3000.0,2387.0,7.8,7.8,0.05,40.0,25,3.0,0.225,9.77777777777778,2.26363636363636,0.846043491392329
119,Ni2(dobdc),Ni2(dobdc),6FDA-DAT,17.5,1400.0,7.6,7.6,0.15,,25,1.0,1.11377245508982,50.1,1.14516129032258,1.03592814371257
454,ZIF-8,ZIF-8,Matrimid 5218,300.0,1550.0,1.16,3.4,0.1,55.0,35,5.0,0.355,23.3802816901408,1.92771084337349,1.96648663619997
510,UiO-66,UiO-66,Matrimid 9725,,892.0,11.0,6.0,0.3,85.0,35,9.0,0.189102564102564,31.2,2.94915254237288,1.25961538461538
379,MIL-53,MIL-53,6FDA/ODA-DAM,125.0,1440.0,8.5,8.5,0.2,61.5,35,11.2,2.3,23.5217391304348,1.13678373382625,0.54470887245841
10,Cu3BTC2,Cu3BTC2,Ultem 1000,1000.0,1439.0,8.6,8.6,0.1,42.5,35,3.5,0.0310035354908893,36.77,1.35964912280702,1.08784335055752
34,Cu–BPY–HFS,Cu–BPY–HFS,Matrimid 5218,250.0,2000.0,8.0,8.0,0.3,,35,3.9,0.21,34.7142857142857,1.42112482853224,0.785358457873078
164,[Ni3(HCOO)6],[Ni3(HCOO)6],BTDA-TDI/MDI (P84),400.0,293.0,4.6,4.6,0.25,,30,5.0,0.0163636363636364,44.0,1.98611111111111,0.986363636363636
233,ZIF-8,ZIF-8,PEBAX 1657,151.0,1315.0,11.6,3.4,2.0,13.0,30,2.0,22.0,6.45454545454545,1.58450704225352,1.93661971830986
8,Cu3BTC2,Cu3BTC2,Matrimid 5218,10000.0,1071.0,8.6,8.6,0.2,42.5,35,10.0,0.556179775280899,17.8,1.63636363636364,1.24719101123595
305,ZIF-8,ZIF-8,Matrimid 5218,50.0,1350.0,11.6,3.4,0.6,40.0,35,2.6,0.24,41.6666666666667,0.8,2.13333333333333
312,ZIF-8,ZIF-8,Matrimid 5218,120.0,1350.0,11.6,3.4,0.4,,35,5.0,0.24,33.3333333333333,5.625,1.28571428571429
457,Cu3BTC2,Cu3BTC2,Matrimid 5218,10000.0,1600.0,12.0,3.4,0.1,55.0,35,5.0,0.355,23.3802816901408,1.42168674698795,2.01879518072289
66,MOF-5,MOF-5,PI,3000.0,2387.0,7.8,7.8,0.05,40.0,25,1.0,0.22,9.31818181818182,2.07317073170732,0.894308943089431
429,MIL-53,MIL-53,Matrimid 5218,650.0,1350.0,,6.0,0.25,55.0,35,3.0,0.260869565217391,34.5,1.61111111111111,1.04347826086957
459,Cu3BTC2,Cu3BTC2,Matrimid 5218,10000.0,1600.0,12.0,3.4,0.3,55.0,35,5.0,0.355,23.3802816901408,1.67469879518072,2.12327882960413
386,MIL-53,MIL-53,6FDA/ODA-DAM,125.0,840.0,7.8,7.8,0.25,61.5,35,11.2,1.7,18.9411764705882,1.7111801242236,1.61611456176674
140,Fe-BTC,Fe-BTC,PEBAX 1657,200.0,1500.0,8.5,5.8,0.3,,25,3.0,3.84,18.4036458333333,5.69817461440498,1.16885633116
63,MOF-5,MOF-5,PI,3000.0,2387.0,7.8,7.8,0.05,40.0,25,3.0,0.225,9.77777777777778,2.29545454545454,0.849469198564593
1,Cu3BTC2,Cu3BTC2,Azide-PMP,100.0,1232.0,8.6,8.6,0.1,60.0,30,2.0,10.5,9.25714285714286,1.05452674897119,2.08915676682972
285,ZIF-8,ZIF-8,6FDA-Durene,150.0,1350.0,11.6,3.4,0.2,50.0,25,6.0,68.1,20.0558002936858,1.44596573436814,0.962563700004595
92,MOF-5,MOF-5,PI,3000.0,2387.0,7.8,7.8,0.05,40.0,25,2.0,0.223,9.41704035874439,2.9047619047619,1.05670783811077
18,Cu3BTC2,Cu3BTC2,ODPA–TMPDA,400.0,1232.0,,8.6,0.1,55.0,35,2.0,1.62854216456128,29.29,2.45283018867925,0.897917377944691
50,MOF-5,MOF-5,PI,3000.0,2387.0,7.8,7.8,0.05,40.0,25,5.0,0.249,9.23694779116466,2.34347826086957,0.951918575785517
435,MIL-101,MIL-101,PSF,1000.0,519.0,19.9,12.0,0.08,75.0,35,3.0,0.211570247933884,24.2,1.07421875,0.98099173553719
328,ZIF-8,ZIF-8,Matrimid 5218,,1650.0,11.6,3.4,0.25,55.0,33,4.5,0.333333333333333,33.0,4.31818181818182,0.96969696969697
116,T-MOF-5,T-MOF-5,PEI,90.0,1280.0,6.3,6.3,0.25,35.0,25,6.0,0.09,18.8888888888889,1.76470588235294,1.32352941176471
499,UiO-66,UiO-66,6FDA-DAM,,965.0,11.0,6.0,0.1,125.0,25,2.0,35.0877192982456,28.5,1.17,1.08771929824561
144,NOTT-300,NOTT-300,PEBAX 1657,900.0,1370.0,6.5,6.5,0.4,60.0,25,10.0,3.8,21.6184210526316,4.80827754108338,1.69180135704786
86,MOF-5,MOF-5,PI,3000.0,2387.0,7.8,7.8,0.05,40.0,25,1.0,0.22,9.31818181818182,2.73170731707317,1.19005071238831
520,UiO-66,UiO-66,Matrimid 5218,350.0,1200.0,11.0,6.0,0.1,100.0,25,3.0,0.6,30.0,2.94444444444444,1.41
477,MIL-101,MIL-101,SPEEK,500.0,1372.0,19.9,6.61,0.4,65.0,25,1.0,75.3968253968254,7.56,4.36842105263158,1.45502645502646
72,MOF-5,MOF-5,PI,3000.0,2387.0,7.8,7.8,0.05,40.0,25,2.0,0.223,9.41704035874439,2.23809523809524,1.06644281644282
287,ZIF-8,ZIF-8,Pebax2533,400.0,1350.0,11.6,3.4,0.05,50.0,25,2.0,42.0,8.35714285714286,1.03988603988604,0.970560303893637
489,UiO-66,UiO-66,6FDA-DAM,50.0,951.0,11.0,6.0,0.23,45.0,25,2.0,33.8983050847458,29.5,2.38,0.406779661016949
420,MIL-101,MIL-101,6FDA-mPD,250.0,2770.0,12.0,12.0,0.08,,35,3.0,0.185185185185185,54.0,1.4,0.981481481481482
330,ZIF-7,ZIF-7,PIM-1-TT,30.0,351.0,7.5,3.0,0.1,85.0,30,2.0,368.852459016393,12.2,0.766666666666667,1.18852459016393
537,UiO-66,UiO-66,6FDA-ODA,200.0,826.0,11.0,6.0,0.25,30.0,35,11.2,0.33,43.6363636363636,0.951388888888889,1.16280864197531
339,ZIF-8,ZIF-8,TBDA2-6FDA,45.0,1250.0,11.6,3.4,0.3,,35,1.0,8.0,35.625,5.04210526315789,0.438443935926773
349,ZIF-7,ZIF-7,XLPEO,70.0,350.0,7.5,3.0,0.1,100.0,35,5.0,4.56521739130435,23.0,1.0952380952381,1.08695652173913
359,ZIF-11,ZIF-11,Matrimid 5218,1000.0,1100.0,16.5,3.0,0.1,70.0,35,4.0,0.26,16.1538461538462,1.60714285714286,1.44088669950739
535,UiO-66,UiO-66,PMMA,,965.0,11.0,6.0,0.28,150.0,24,4.0,0.008,68.75,2.03636363636364,2.08857808857809
14,Cu3BTC2,Cu3BTC2,ODPA–TMPDA,400.0,1232.0,8.6,8.6,0.1,55.0,35,2.0,1.62854216456128,29.29,1.82389937106918,0.928644588596791
257,ZIF-8,ZIF-8,PEBAX 1657,275.0,1029.0,11.6,3.4,0.25,80.0,25,1.0,4.0,19.0,2.69736842105263,0.829959514170041
57,MOF-5,MOF-5,PI,3000.0,2387.0,7.8,7.8,0.05,40.0,25,2.0,0.223,9.41704035874439,1.9047619047619,0.935598909167191
501,UiO-66,UiO-66,6FDA-DAM,,965.0,11.0,6.0,0.22,125.0,25,2.0,35.0877192982456,28.5,1.55,0.736842105263158
109,MOF-5,MOF-5,PI,3000.0,2387.0,7.8,7.8,0.05,40.0,25,4.0,0.227,9.91189427312775,3.2,0.894581280788177
227,ZIF-108,ZIF-108,P84,,384.0,16.4,5.5,0.16,,30,3.0,0.0980662983425414,72.4,14.3661971830986,0.878453038674033
473,MIL-101,MIL-101,SPEEK,500.0,3175.0,19.9,7.5,0.4,65.0,25,1.0,75.3968253968254,7.56,2.54385964912281,1.77777777777778
311,ZIF-8,ZIF-8,Matrimid 5218,120.0,1350.0,11.6,3.4,0.3,,35,5.0,0.24,33.3333333333333,3.25,1.73333333333333
151,MOF–74,MOF–74,PVAc,3000.0,402.0,11.0,11.0,0.2,60.0,35,6.0,0.07,10.1428571428571,6.61971830985916,2.43884358784285
120,Ni2(dobdc),Ni2(dobdc),6FDA-DAM:DAT,17.5,1400.0,7.6,7.6,0.18,,25,1.0,6.10223642172524,31.3,1.15183246073298,0.97444089456869
84,MOF-5,MOF-5,PI,3000.0,2387.0,7.8,7.8,0.05,40.0,25,4.0,0.227,9.91189427312775,2.36444444444444,0.81199529332661
96,MOF-5,MOF-5,PI,3000.0,2387.0,7.8,7.8,0.05,40.0,25,1.0,0.22,9.31818181818182,2.65853658536585,0.938809067063384
173,TKL-107,TKL-107,Matrimid 5218,,1454.0,6.0,6.0,0.3,65.0,25,2.0,0.209366391184573,36.3,3.42105263157895,1.34710743801653
419,MIL-53,MIL-53,Matrimid 5218,100.0,1118.0,8.5,8.5,0.375,55.0,35,2.0,0.22,38.1818181818182,6.19047619047619,1.23809523809524
